bathrooms,parking,price,rooms,size,ubication,years
2,1,"2,800,000",3,109 m²,"Avenida Aztecas, Pueblo de los Reyes, Coyoacán, Distrito Federal",1 años
3,3,"7,760,936",3,109 m²,"Avenida Universidad, Barrio Oxtopulco Universidad, Coyoacán, Distrito Federal",Loft
3,3,"5,926,349",3,114 m²,"Avenida Universidad, Barrio Oxtopulco Universidad, Coyoacán, Distrito Federal",Loft
1,1,"2,367,000",2,60 m²,"Anacahuita 90, Pedregal De Santo Domingo, Coyoacán, Distrito Federal",4
3,3,"6,143,431",3,134 m²,"Avenida El Bordo, Pueblo de Santa Ursula Coapa, Coyoacán, Distrito Federal",Loft
3,3,"7,358,769",3,110 m²,"Avenida Universidad, Barrio Oxtopulco Universidad, Coyoacán, Distrito Federal",Loft
2,1,"3,885,200",2,63 m²,"Avenida Miguel Ángel De Quevedo, Atlántida, Coyoacán, Distrito Federal",1
3,3,"7,336,439",3,109 m²,"Avenida Universidad, Barrio Oxtopulco Universidad, Coyoacán, Distrito Federal",Loft
2,1,"2,076,000",2,65 m²,"Toltecas, Ajusco, Coyoacán, Distrito Federal",
2,2,"6,490,000",5,160 m²,"Insurgentes Cuicuilco, Insurgentes Cuicuilco, Coyoacán, Distrito Federal",0 años
2,1,"1,350,000",3,54 m²,"Calz De La Virgen, STUNAM, Coyoacán, Distrito Federal",36 años
1,1,"3,300,000",3,82 m²,"Avenida Universidad 1953, Copilco Universidad, Coyoacán, Distrito Federal",1
3,3,"15,000,000",4,224 m²,"Anillo Perif  Blvd  Adolfo López Mateos, Pedregal De Carrasco, Coyoacán, Distrito Federal",
1,2,"3,290,000",2,76 m²,"Avenida Del Imán, Insurgentes Cuicuilco, Coyoacán, Distrito Federal",
2,2,"5,195,000",3,136 m²,"Calzada De Tlalpan, El Reloj, Coyoacán, Distrito Federal",
2,2,"4,500,000",3,94 m²,"Santa Ursula, Pedregal De Carrasco, Coyoacán, Distrito Federal",
2,2,"3,990,000",4,124 m²,"Ocaso, Insurgentes Cuicuilco, Coyoacán, Distrito Federal",21 años
2,2,"19,500",4,75 m²,"Boulevard Adolfo Ruiz Cortines, Pedregal De Carrasco, Coyoacán, Distrito Federal",0 años
2,2,"14,000",4,76 m²,"Tlalpan, Parque San Andrés, Coyoacán, Distrito Federal",0 años
1,1,"14,000",2,50 m²,"Ciclistas, Churubusco Country Club, Coyoacán, Distrito Federal",
2,2,"4,900,000",2,107 m²,"Periférico 5146, Pedregal De Carrasco, Coyoacán, Distrito Federal",0 años
2,0 años,"22,100",3,3,"Prolong. Bordo, Viejo Ejido De Santa Ursula Coapa, Coyoacán, Distrito Federal",
2,2,"3,250,000",4,108 m²,"Pallares Y Portilla, Parque San Andrés, Coyoacán, Distrito Federal",0 años
3,2,"4,100,000",5,96 m²,"Pedregal De Coyoacán, Coyoacán, Distrito Federal",0 años
1,1,"7,000",2,24 m²,"Luis Martínez, Romero De Terreros, Coyoacán, Distrito Federal",
2,1,"2,200,000",3,70 m²,"Parque San Andrés, Coyoacán, Distrito Federal",0 años
2,2,"12,100",4,60 m²,"Paseo De Las Higueras, Paseos De Taxqueña, Coyoacán, Distrito Federal",0 años
1,,"1,950,000",2,73 m²,"Rinconada De Los Ritmos 1, Pedregal De Carrasco, Coyoacán, Distrito Federal",
2,1,"1,930,000",3,65 m²,"Educación, Tlalpan FOVISSSTE, Coyoacán, Distrito Federal",0 años
1,1,"2,400,000",2,55 m²,"Calle 13 2, Prados De Coyoacán, Coyoacán, Distrito Federal",3
2,2,"8,000",4,69 m²,"Escuela Naval Militar, Ex-Ejido De San Francisco Culhuacán, Coyoacán, Distrito Federal",0 años
2,1,"3,800,000",2,80 m²,"Malintzin Sn, Del Carmen, Coyoacán, Distrito Federal",
1,1,"2,175,000",2,58 m²,"Pedregal De Santo Domingo, Coyoacán, Distrito Federal",
2,2,"3,850,000",3,90 m²,"Crepúsculo 55, Insurgentes Cuicuilco, Coyoacán, Distrito Federal",Frente
2,1,"10,000",3,65 m²,"Taxqueña, Coyoacán, Distrito Federal",0 años
,,"12,500",2,3,"300, Romero De Terreros, Coyoacán, Distrito Federal",
2,1,"2,886,410",2,93 m²,"San Benito 200, Pedregal de Santa Ursula, Coyoacán, Distrito Federal",4
0 años,0 MXN,"8,500",1,1,"Loft En Renta, Excelente Ubicación., Coyoacán, Distrito Federal",
2,1,"3,239,000",3,77.28 m²,"Calzada De Tlalpan 2780, Espartaco, Coyoacán, Distrito Federal",2
1,1,"10,000",2,30 m²,"Fernandez Leal, Barrio La Concepción, Coyoacán, Distrito Federal",
2,1,"10,000",3,55 m²,"Av. Paseo De Los Jardines, Paseos De Taxqueña, Coyoacán, Distrito Federal",0 años
0 años,0 MXN,"6,500",1,1,"Estudio En Renta, Excelente Ubicación., Coyoacán, Distrito Federal",
2,1,"9,500",3,55 m²,"Paseos De Taxqueña, Coyoacán, Distrito Federal",0 años
2,2,"8,900",4,80 m²,"Ejido De San Francisco Culhuacan, Presidentes Ejidales, Coyoacán, Distrito Federal",0 años
1,1,"2,367,000",2,60 m²,"Izztaccihuatl 80, Ajusco, Coyoacán, Distrito Federal",4
2,1,"2,640,000",3,53 m²,"San Benito, Pedregal de Santa Ursula, Coyoacán, Distrito Federal",
1,4,"1,798,000",2,59 m²,"Cocoleras 11, Pedregal De Santo Domingo, Coyoacán, Distrito Federal",Norte
2,1,"2,400,000",2,75 m²,"San Benito 70, Pedregal de Santa Ursula, Coyoacán, Distrito Federal",3
1,1,"1,807,838",2,35 m²,"Calzada De Tlalpan, El Reloj, Coyoacán, Distrito Federal",
No,4,"7,000",1,2,"Av. La Virgen, Edificio 35 3000, San Francisco Culhuacan Barrio De San Francisco, Coyoacán, Distrito Federal",
3,1,"1,900,000",4,72 m²,"Rinconada De Los Escritores, Pedregal De Carrasco, Coyoacán, Distrito Federal",0 años
2,1,"1,500,000",3,60 m²,"Conchita Urquiza, Culhuacán CTM CROC, Coyoacán, Distrito Federal",0 años
1,1,"7,000",2,45 m²,"Jilotzingo, Pedregal De Santo Domingo, Coyoacán, Distrito Federal",
1,1,"6,900",2,45 m²,"El Arroyo, Jardines Del Pedregal De San Ángel, Coyoacán, Distrito Federal",0 años
1,1,"3,500",2,25 m²,"Jilotzingo, Pedregal De Santo Domingo, Coyoacán, Distrito Federal",
2,1,"2,000,000",3,75 m²,"Av. Río Churubusco 0, Paseos De Taxqueña, Coyoacán, Distrito Federal",0 años
2,1,"2,600,000",2,64 m²,"Totonacas 510, Ajusco, Coyoacán, Distrito Federal",5
1,1,"1,367,200",2,37 m²,"Amatl, Pedregal De Santo Domingo, Coyoacán, Distrito Federal",0 años
1,1,"3,500",2,10 m²,"Jilotzingo, Pedregal De Santo Domingo, Coyoacán, Distrito Federal",
0 años,,"6,500",1,1,"Calzada De Tlalpan100, Churubusco Country Club, Coyoacán, Distrito Federal",
2,1,"7,501",3,42 m²,"San Hemeterio, Pedregal de Santa Ursula, Coyoacán, Distrito Federal",0 años
1,4,"1,650,000",2,55 m²,"Teponaxtli 15, Adolfo Ruiz Cortines, Coyoacán, Distrito Federal",0 años
2,1,"2,900,000",3,54 m²,"Rafael Oliva, San Diego Churubusco, Coyoacán, Distrito Federal",0 años
2,2,"2,250,000",5,81 m²,"Ex-Ejido De San Francisco Culhuacán, Coyoacán, Distrito Federal",0 años
3,2,"4,950,000",6,118 m²,"Calz. De Tlalpan, Santa Ursula Coapa, Coyoacán, Distrito Federal",1 años
1,1,"2,560,000",3,106 m²,"Rancho San Lorenzo 63, Los Girasoles 3, Coyoacán, Distrito Federal",36 años
2,2,"18,500",4,140 m²,"Geyser Norte, Insurgentes Cuicuilco, Coyoacán, Distrito Federal",0 años
2,1,"1,350,000",5,80 m²,"Calz. De La Viga 1915, Prado Churubusco, Coyoacán, Distrito Federal",0 años
3,3,"6,094,093",6,213 m²,"Av. El Bordo, Ex-Hacienda Coapa, Coyoacán, Distrito Federal",0 años
2,1,"4,250,000",2,82 m²,"Eje 8 Sur Popocatepetl 474, Viveros De Coyoacán, Coyoacán, Distrito Federal",
,,"10,000",1,2,"Rio Churubusco 458, Paseos De Taxqueña, Coyoacán, Distrito Federal",
2,1,"1,500,000",3,52 m²,"Culhuacán CTM CROC, Coyoacán, Distrito Federal",
2,2,"14,800",4,100 m²,"Paseo Del Rio, Paseos De Taxqueña, Coyoacán, Distrito Federal",0 años
2,1,"628,044",3,60 m²,"Rinconada De Los Escritores, Pedregal De Carrasco, Coyoacán, Distrito Federal",0 años
3,2,"15,000",5,87 m²,"Av. Pacífico, El Rosedal, Coyoacán, Distrito Federal",
1,1,"2,400,000",2,58 m²,"Calle 13 2, Prados De Coyoacán, Coyoacán, Distrito Federal",3
2,2,"12,000",2,76 m²,"Calzada Tlalpan, Parque San Andrés, Coyoacán, Distrito Federal",2000 MXN
3,3,"6,759,191",6,126 m²,"Ex-Hacienda Coapa, Coyoacán, Distrito Federal",0 años
2,1,"2,736,000",2,76 m²,"Ajusco, Coyoacán, Distrito Federal",
1,,"9,900",2,78 m²,"Rancho San Lorenzo 14, Los Girasoles 3, Coyoacán, Distrito Federal",
3,2,"12,000",5,110 m²,"C. T 20, Coapa, Alianza Popular Revolucionaria, Coyoacán, Distrito Federal",0 años
2,1,"1,161,500",3,54 m²,"2da Cerrada V. Bonfil, Presidentes Ejidales, Coyoacán, Distrito Federal",
3,2,"2,100,000",5,74 m²,"Manuela Cañizares, Culhuacán CTM Canal Nacional, Coyoacán, Distrito Federal",0 años
2,1,"1,987,500",3,54 m²,"Anacahuita, Pedregal De Santo Domingo, Coyoacán, Distrito Federal",0 años
2,2,"3,950,000",2,65 m²,"Privada De Chimalistac  29, Barrio Oxtopulco Universidad, Coyoacán, Distrito Federal",
1,No,"9,500",1,60 m²,"Residencial Cafetales 6, Residencial Cafetales, Coyoacán, Distrito Federal",
2,1,"5,000,000",3,150 m²,"Espartaco, Coyoacán, Distrito Federal",0 años
3,3,"5,195,174",6,121 m²,"Ex-Hacienda Coapa, Coyoacán, Distrito Federal",0 años
1,1,"678,045",2,63 m²,"Libertad 100, Pedregal De Carrasco, Coyoacán, Distrito Federal",
3,2,"5,800,000",5,127 m²,"Periférico Sur, Pedregal De Carrasco, Coyoacán, Distrito Federal",0 años
0 años,,"3,500,000",1,2,"Snsn, Campestre Churubusco, Coyoacán, Distrito Federal",
1,1,"2,420,000",2,148 m²,"Gloria, La Candelaria Amp, Coyoacán, Distrito Federal",1
2,1,"4,300,000",4,80 m²,"Vicente Guerrero, Del Carmen, Coyoacán, Distrito Federal",0 años
2,2,"13,500",4,71 m²,"Selva, Insurgentes Cuicuilco, Coyoacán, Distrito Federal",0 años
2,1,"15,000",3,110 m²,"Eje 10 Sur Pedro Henriquez Ureña, Pedregal De Santo Domingo, Coyoacán, Distrito Federal",0 años
2,0 años,"10,000",2,65 m²,"Ajusco, Coyoacán, Distrito Federal",
2,2,"20,000",2,110 m²,"Av. Anillo Periférico  5146, Pedregal De Carrasco, Coyoacán, Distrito Federal",0 años
2,2,"2,556,000",4,72 m²,"Copal, Pedregal De Santo Domingo, Coyoacán, Distrito Federal",0 años
2,1,"18,000",4,109 m²,"Aguayo, Del Carmen, Coyoacán, Distrito Federal",
1,1,"9,000",2,65 m²,"Arroyo, Jardines Del Pedregal De San Ángel, Coyoacán, Distrito Federal",
2,No,"13,550",3,120 m²,"Av. Taxqueña 1231, Campestre Churubusco, Coyoacán, Distrito Federal",
2,2,"5,455,000",4,92 m²,"Miguel Angel De Quevedo, Barrio La Concepción, Coyoacán, Distrito Federal",0 años
No,2,"8,500",1,2,"Taxqueña 1231, Campestre Churubusco, Coyoacán, Distrito Federal",
1,1,"1,300,000",1,40 m²,"Av. 8 39, Educación, Coyoacán, Distrito Federal",0 años
3,2,"16,000",5,100 m²,"Olímpica, Coyoacán, Distrito Federal",0 años
2,1,"2,473,000",2,72 m²,"Totonacas 450, Ajusco, Coyoacán, Distrito Federal",5
3,2,"3,090,000",5,85 m²,"Eje 10 Sur, Pedregal De Santo Domingo, Coyoacán, Distrito Federal",0 años
1,1,"1,807,838",1,35 m²,"Calzada De Tlalpan  2873, El Reloj, Coyoacán, Distrito Federal",8
2,1,"2,178,000",2,64 m²,"Zapotecas 270, Ajusco, Coyoacán, Distrito Federal",6
3,1,"1,950,000",4,97 m²,"Escuela Naval Militar, Alianza Popular Revolucionaria, Coyoacán, Distrito Federal",0 años
3,3,"4,995,155",6,118 m²,"Ex-Hacienda Coapa, Coyoacán, Distrito Federal",0 años
2,2,"13,500",4,80 m²,"Anillo Periférico, Pedregal De Carrasco, Coyoacán, Distrito Federal",0 años
3,2,"14,700",5,118 m²,"Eje 10, Copilco Universidad, Coyoacán, Distrito Federal",0 años
2,2,"5,000,000",4,105 m²,"Anillo Periferico, Pedregal De Carrasco, Coyoacán, Distrito Federal",0 años
3,2,"7,000,000",5,130 m²,"Periferico, Pedregal De Carrasco, Coyoacán, Distrito Federal",2 años
2,0 años,"5,000,000",2,3,"Miguel Angel De Quevedo, Parque San Andrés, Coyoacán, Distrito Federal",
2,,"2,922,617",3,120 m²,"Calzada De Tlalpan 00, Pueblo de Santa Ursula Coapa, Coyoacán, Distrito Federal",
2,3,"5,100,000",3,124 m²,"Coyoacan, Parque San Andrés, Coyoacán, Distrito Federal",0 años
1,5,"5,300,000",2,3,"Corina, Del Carmen, Coyoacán, Distrito Federal",
0 años,,"11,977,500",3,3,"Bosques De Tetlameya22, Bosques De Tetlameya, Coyoacán, Distrito Federal",
2,2,"1,885,620",4,57 m²,"Anacahuita, Pedregal De Santo Domingo, Coyoacán, Distrito Federal",0 años
2,2,"5,750,000",4,108 m²,"Alba, Insurgentes Cuicuilco, Coyoacán, Distrito Federal",0 años
2,2,"19,500",4,75 m²,"Blvd Adolfo Ruíz Cortines, Pedregal De Carrasco, Coyoacán, Distrito Federal",0 años
3,2,"17,900",3,230 m²,"Miguel Olivares, Presidentes Ejidales, Coyoacán, Distrito Federal",
2,1,"1,801,485",3,57 m²,"Teponaztle, Adolfo Ruiz Cortines, Coyoacán, Distrito Federal",0 años
3,2,"13,500",5,125 m²,"Calle Nueve, Espartaco, Coyoacán, Distrito Federal",0 años
1,1,"13,500",2,50 m²,"Cuauhtemoc, Del Carmen, Coyoacán, Distrito Federal",
2,1,"1,799,360",2,56.23 m²,"____, Pedregal De Santo Domingo, Coyoacán, Distrito Federal",1
3,2,"2,350,000",5,75 m²,"San Miguel Xicalco, Presidentes Ejidales, Coyoacán, Distrito Federal",0 años
3,2,"2,400,000",5,129 m²,"Ejido San Lorenzo Tezonco, Barrio San Francisco Culhuacán Barrio de San Francisco, Coyoacán, Distrito Federal",0 años
3,2,"2,850,000",5,87 m²,"Pacifico, Pueblo de los Reyes, Coyoacán, Distrito Federal",
2,1,"2,295,000",3,54 m²,"Clavel, Pueblo La Candelaria, Coyoacán, Distrito Federal",0 años
2,2,"5,600,000",3,113 m²,"Adolfo Ruíz Cortines, Pedregal De Carrasco, Coyoacán, Distrito Federal",
2,2,"17,500",4,96 m²,"Olímpica, Coyoacán, Distrito Federal",0 años
2,2,"23,000",2,98 m²,"Blvd. Adolfo Lopez Mateos 5146, Pedregal De Carrasco, Coyoacán, Distrito Federal",
3,3,"6,714,552",6,115 m²,"Ex-Hacienda Coapa, Coyoacán, Distrito Federal",0 años
2,1,"17,900",2,2,"Blvd. Adolfo Ruiz Cortinez 5550, Pedregal De Carrasco, Coyoacán, Distrito Federal",0 años
2,2,"3,400,000",4,64 m²,"Av División Del Norte, Pueblo de San Pablo Tepetlapa, Coyoacán, Distrito Federal",0 años
2,2,"4,050,000",2,82 m²,"Anillo Periférico Sur  5550, Pedregal De Carrasco, Coyoacán, Distrito Federal",0 años
2,2,"28,000",4,86 m²,"Pedregal De Carrasco, Coyoacán, Distrito Federal",0 años
5,4,"4,550,000",10,300 m²,"Calz. De Las Bombas, Cafetales, Coyoacán, Distrito Federal",0 años
2,2,"20,000",4,74 m²,"Av. Adolfo Ruiz Cortinez, Pedregal De Carrasco, Coyoacán, Distrito Federal",0 años
0 años,,"793,194",1,2,"Rosarios Castellanos20, Culhuacán CTM Sección VIII, Coyoacán, Distrito Federal",
2,1,"10,500",3,65 m²,"Rinconada De Los Reyes, Coyoacán, Distrito Federal",0 años
1,1,"2,710,000",2,48 m²,"Av División Del Norte, Pueblo de San Pablo Tepetlapa, Coyoacán, Distrito Federal",0 años
3,1,"2,750,000",6,120 m²,"Av. Universidad 1330, Del Carmen, Coyoacán, Distrito Federal",
2,1,"3,260,000",3,76 m²,"Avenida Del Imán, Insurgentes Cuicuilco, Coyoacán, Distrito Federal",0 años
2,2,"3,650,000",2,86 m²,"Crepúsculo 55, Insurgentes Cuicuilco, Coyoacán, Distrito Federal",
2,2,"25,000",4,105 m²,"Anillo Periferico, Pedregal De Carrasco, Coyoacán, Distrito Federal",0 años
2,2,"3,950,000",2,86 m²,"Departamento High Park Sur, Joyas Del Pedregal, Coyoacán, Distrito Federal",Poniente
2,1,"19,000",2,2,"Periferico Sur, Pedregal De Carrasco, Coyoacán, Distrito Federal",0 años
2,1,"3,100,000",3,71 m²,"Calzada De La Virgen, La Virgen, Coyoacán, Distrito Federal",0 años
2,1,"14,500",3,55 m²,"Rafael Oliva, San Diego Churubusco, Coyoacán, Distrito Federal",0 años
,,"16,000,000",1,50 m²,"Calzada De Tlalpan, Ex-Ejido De Santa Ursula Coapa, Coyoacán, Distrito Federal",
2,2,"11,650",4,80 m²,"Geyser, Insurgentes Cuicuilco, Coyoacán, Distrito Federal",0 años
0 años,0 MXN,"7,500",1,1,"Estudio En Renta, Excelente Ubicación., Coyoacán, Distrito Federal",
0 años,,"10,000",1,15 m²,"Santa Ursula Coapa, Coyoacán, Distrito Federal",
2,2,"2,064,000",4,64 m²,"Iztaccihuat, Adolfo Ruiz Cortines, Coyoacán, Distrito Federal",0 años
2,2,"1,798,000",4,59 m²,"Cocoleras, Pedregal de Santa Ursula, Coyoacán, Distrito Federal",0 años
2,1,"10,700",2,70 m²,"Cuapinol, Pedregal De San Francisco, Coyoacán, Distrito Federal",
2,2,"3,560,000",4,124 m²,"Insurgentes Cuicuilco, Coyoacán, Distrito Federal",0 años
2,1,"3,494,929",4,63 m²,"Atlántida, Coyoacán, Distrito Federal",0 años
0 años,,"1,235,421",1,3,"Calle Paris35, Del Carmen, Coyoacán, Distrito Federal",
3,2,"40,000",6,200 m²,"Malintzin, Del Carmen, Coyoacán, Distrito Federal",0 años
3,2,"4,350,000",5,136 m²,"Av Coyoacan, Viveros De Coyoacán, Coyoacán, Distrito Federal",
3,2,"4,800,000",5,108 m²,"Av Santa Rosa, Ex-Hacienda Coapa, Coyoacán, Distrito Federal",0 años
2,1,"850,000",5,70 m²,"Calz . De Las Bombas  747, Cafetales, Coyoacán, Distrito Federal",0 años
3,3,"5,243,923",6,128 m²,"Ex-Hacienda Coapa, Coyoacán, Distrito Federal",0 años
2,2,"3,800,000",3,10,"Departamento En Venta, Cdmx., Coyoacán, Distrito Federal",0 años
2,2,"10,000",4,70 m²,"Cjon. Del Pino 26, Pueblo La Candelaria, Coyoacán, Distrito Federal",
2,2,"21,000",4,110 m²,"Be Grand Alto Pedregal, Pedregal De Carrasco, Coyoacán, Distrito Federal",
2,,"13,500",2,125 m²,"Insurgentes Cuicuilco, Coyoacán, Distrito Federal",
2,2,"15,000",2,120 m²,"Callejón San Miguel, San Diego Churubusco, Coyoacán, Distrito Federal",Loft
2,2,"17,600",4,90 m²,"Periférico Sur, Olímpica, Coyoacán, Distrito Federal",0 años
2,1,"1,331,700",3,72 m²,"Calzada De La Virgen, STUNAM, Coyoacán, Distrito Federal",0 años
3,3,"7,500,000",6,140 m²,"La Otra Banda, Coyoacán, Distrito Federal",
3,2,"3,463,940",5,78 m²,"Calzada De Tlalpan, El Reloj, Coyoacán, Distrito Federal",
3,2,"6,327,000",5,138 m²,"Escocia, Parque San Andrés, Coyoacán, Distrito Federal",0 años
2,2,"6,700,000",4,124 m²,"Pedregal De Carrasco, Coyoacán, Distrito Federal",0 años
,,"24,500",,2,"Av. Anillo Periférico Sur 5550, Pedregal De Carrasco, Coyoacán, Distrito Federal",
2,2,"12,000",2,73 m²,"Totonacas, Ajusco, Coyoacán, Distrito Federal",0 años
2,2,"22,000",2,110 m²,"Pedregal De Carrasco 0, Pedregal De Carrasco, Coyoacán, Distrito Federal",1
2,3,"2,645,000",3,102 m²,"Coyoacán, Distrito Federal",
1,2,"3,400,000",2,63 m²,"Xotepingo 0, Xotepingo, Coyoacán, Distrito Federal",0 años
3,2,"7,770,000",6,215 m²,"Copilco Universidad, Coyoacán, Distrito Federal",0 años
2,2,"2,781,000",4,90 m²,"Jumil, Pedregal De Santo Domingo, Coyoacán, Distrito Federal",0 años
3,3,"5,012,454",6,122 m²,"Ex-Hacienda Coapa, Coyoacán, Distrito Federal",0 años
4,0 años,"1,400,000",1,3,"Mariquita Sanchez, Culhuacán CTM Sección III, Coyoacán, Distrito Federal",
2,1,"1,161,500",3,54 m²,"2da Cerrada V. Bonfil Mz 10 Lt 21, Presidentes Ejidales, Coyoacán, Distrito Federal",
3,2,"16,500",5,110 m²,"Pueblo La Candelaria, Coyoacán, Distrito Federal",0 años
0 años,,"20,000",2,2,"Alianza Popular Revolucionaria, Coyoacán, Distrito Federal",
2,9,"2,995,000",2,65 m²,"Boulevard Adolfo Ruiz 5550, Pedregal De Carrasco, Coyoacán, Distrito Federal",
1,1,"615,000",2,60 m²,"Elvira Vargas 6, Culhuacán CTM Sección IX-A, Coyoacán, Distrito Federal",
0 años,,"20,000",2,2,"Alianza Popular Revolucionaria, Coyoacán, Distrito Federal",
3,1,"3,500,000",3,90 m²,"Coyoacan, El Rosedal, Coyoacán, Distrito Federal",0 años
3,3,"6,802,921",6,121 m²,"Ex-Hacienda Coapa, Coyoacán, Distrito Federal",0 años
3,2,"13,000",2,86 m²,"Alba Esq.av Del Iman 93, Insurgentes Cuicuilco, Coyoacán, Distrito Federal",
2,1,"1,795,900",2,51.35 m²,"Copal 104, Pedregal De Santo Domingo, Coyoacán, Distrito Federal",1
2,1,"4,250,000",2,3,"San Andrés, Parque San Andrés, Coyoacán, Distrito Federal",0 MXN
1,1,"1,966,000",2,60 m²,"Coyoacán, Distrito Federal",
1,1,"2,680,000",2,50 m²,"Miguel Angel De Quevedo, Atlántida, Coyoacán, Distrito Federal",0 años
2,3,"25,000",3,92 m²,"Coyoacan, Parque San Andrés, Coyoacán, Distrito Federal",0 años
3,2,"1,386,520",7,96 m²,"Paseos De Taxqueña, Coyoacán, Distrito Federal",
1,1,"2,260,000",3,110 m²,"Alianza Popular 1, Alianza Popular Revolucionaria, Coyoacán, Distrito Federal",
2,2,"22,000",4,84 m²,"Av. Adolfo Ruiz Cortinez, Pedregal De Carrasco, Coyoacán, Distrito Federal",0 años
2,1,"2,427,958",2,68 m²,"San Jorge 250, Pedregal de Santa Ursula, Coyoacán, Distrito Federal",3
2,1,"4,100,000",3,183 m²,"Cerro De San Andres 136, Campestre Churubusco, Coyoacán, Distrito Federal",
3,3,"6,668,627",6,123 m²,"Ex-Hacienda Coapa, Coyoacán, Distrito Federal",0 años
2,1,"3,371,943",2,73 m²,"Av Division Del Norte 0, San Pablo Tepetlapa, Coyoacán, Distrito Federal",0 años
0 años,,"17,000",2,3,"Snsn, Pedregal De Santo Domingo, Coyoacán, Distrito Federal",
1,1,"2,692,000",2,54 m²,"Calz  De Tlalpan, Ciudad Jardín, Coyoacán, Distrito Federal",
0 años,,"1,662,556",1,2,"Francisca Garcia Batle 55, Culhuacán CTM Sección I, Coyoacán, Distrito Federal",
2,1,"2,160,000",2,81 m²,"Coyoacán, Distrito Federal",
3,3,"8,800,000",6,300 m²,"Rinconada De Los Tules, Paseos De Taxqueña, Coyoacán, Distrito Federal",
2,2,"2,781,000",4,90 m²,"Jumil, Pedregal De Santo Domingo, Coyoacán, Distrito Federal",0 años
2,2,"16,500",4,90 m²,"División Del Norte, Ex-Ejido De San Pablo Tepetlapa, Coyoacán, Distrito Federal",0 años
No,2,"8,900",1,2,"Taxqueña 1231, Campestre Churubusco, Coyoacán, Distrito Federal",
1,0 años,"1,450,000",1,3,"Departamento En Venta Prado Churubusco Coyoacán, Prado Churubusco, Coyoacán, Distrito Federal",
0 años,,"2,793,194",1,2,"Rosario Castellanos20, Culhuacán CTM Sección VIII, Coyoacán, Distrito Federal",
1,2,"1,277,300",2,61 m²,"Coyoacán, Distrito Federal",
0 años,,"1,700,000",1,2,"Rosa Ma. Sequeira00, San Francisco Culhuacan Barrio De San Francisco, Coyoacán, Distrito Federal",
2,3,"45,400",5,254 m²,"Villa Coyoacán, Coyoacán, Distrito Federal",
0 años,,"1,189,000",1,2,"Paseo De La Higueras150, Paseos De Taxqueña, Coyoacán, Distrito Federal",
1,1,"605,000",1,2,"Rinconada Fauna #fauna, Pedregal De Carrasco, Coyoacán, Distrito Federal",
2,2,"3,812,500",4,107 m²,"Copal, Pedregal De Santo Domingo, Coyoacán, Distrito Federal",0 años
3,2,"3,590,000",5,87 m²,"Av. Pacífico, El Rosedal, Coyoacán, Distrito Federal",
2,2,"6,950,000",4,100 m²,"Miguel Angel De Quevedo, Barrio La Concepción, Coyoacán, Distrito Federal",0 años
3,3,"5,767,045",6,118 m²,"Ex-Hacienda Coapa, Coyoacán, Distrito Federal",0 años
2,2,"12,800",4,78 m²,"Escuela Naval Militar, Paseos De Taxqueña, Coyoacán, Distrito Federal",0 años
1,,"958,919",2,60 m²,"Av. Santa Ana 00, Culhuacán CTM CROC, Coyoacán, Distrito Federal",
1,1,"15,000",1,40 m²,"Berlín, Del Carmen, Coyoacán, Distrito Federal",Loft
1,1,"1,190,000",2,75 m²,"Coyoacán, Distrito Federal",
2,2,"3,950,000",4,73 m²,"Av División Del Norte, Pueblo de San Pablo Tepetlapa, Coyoacán, Distrito Federal",0 años
3,2,"6,500,000",5,133 m²,"Boulevard Adolfo López Mateos, Pedregal De Carrasco, Coyoacán, Distrito Federal",0 años
1,1,"1,923,213",2,35 m²,"Calzada De Tlalpan, El Reloj, Coyoacán, Distrito Federal",
3,3,"5,558,068",6,114 m²,"Av El  Bordo, El Hueso Infonavit, Coyoacán, Distrito Federal",0 años
3,3,"5,600,458",6,117 m²,"Av. El Bordo, Ex-Hacienda Coapa, Coyoacán, Distrito Federal",0 años
2,2,"29,500",2,114 m²,"Blvd. Adolfo Ruiz Cortines, Pedregal De Carrasco, Coyoacán, Distrito Federal",0 años
,,"4,570,031",,81 m²,"Ex-Hacienda Coapa, Coyoacán, Distrito Federal",
,,"7,500",,1,"Francisco Javier Mina 59, Del Carmen, Coyoacán, Distrito Federal",
2,2,"19,500",2,84 m²,"Anillo Periferico 1, Pedregal De Carrasco, Coyoacán, Distrito Federal",1
3,2,"4,480,000",5,96 m²,"Educación, Coyoacán, Distrito Federal",0 años
1,1,"1,578,000",2,70 m²,"Coyoacán, Distrito Federal",
2,2,"12,500",4,75 m²,"Calz.  De Tlalpan, San Diego Churubusco, Coyoacán, Distrito Federal",0 años
2,2,"5,225,000",2,107 m²,"Begrand Alto Pedregal 000, Pedregal De Carrasco, Coyoacán, Distrito Federal",27
2,2,"21,900",4,110 m²,"Anillo Periférico, Pedregal De Carrasco, Coyoacán, Distrito Federal",0 años
1,1,"1,873,000",2,51.35 m²,"Copal O, Pedregal De Santo Domingo, Coyoacán, Distrito Federal",1
2,1,"2,200,000",3,58 m²,"Pedregal De Carrasco, Coyoacán, Distrito Federal",0 años
2,,"2,700,000",2,80 m²,"Paseos De Taxqueña, Coyoacán, Distrito Federal",
1,1,"1,772,890",2,57 m²,"Los Reyes, Coyoacán, Distrito Federal",
2,2,"3,760,000",4,123 m²,"Insurgentes Cuicuilco, Coyoacán, Distrito Federal",0 años
2,2,"18,500",4,75 m²,"Adolfo Ruiz Cortines, Pedregal De Carrasco, Coyoacán, Distrito Federal",0 años
1,1,"14,000",2,58 m²,"Carreteraco 36-405, Parque San Andrés, Coyoacán, Distrito Federal",1000 MXN
1,,"1,237,000",2,60 m²,"Calzada De La Virgen 3000, STUNAM, Coyoacán, Distrito Federal",
0 años,,"23,000",2,1,"Snsn, Insurgentes Cuicuilco, Coyoacán, Distrito Federal",
2,1,"2,584,000",2,76 m²,"Zapotecas 330, Ajusco, Coyoacán, Distrito Federal",5
3,3,"7,800,000",7,210 m²,"Insurgentes Cuicuilco, Coyoacán, Distrito Federal",0 años
1,1,"7,000",2,41 m²,"Calzada De Tlalpan, El Centinela, Coyoacán, Distrito Federal",
3,2,"14,000",6,200 m²,"Toltecas, Ajusco, Coyoacán, Distrito Federal",
3,2,"3,850,000",5,103 m²,"Calzada Del Hueso, Fuentes De Coyoacán, Coyoacán, Distrito Federal",25 años
2,2,"20,000",2,70 m²,"Av Coyoacan 371, Barrio Oxtopulco Universidad, Coyoacán, Distrito Federal",5
1,1,"10,500",3,75 m²,"Rinconada Los Lagos, Edificio Gatun,pedregal De Carrasco, Coyoacan 1, Pedregal De Carrasco, Coyoacán, Distrito Federal",
1,1,"3,450,000",2,90 m²,"Paseo De Las Trojes 50, Paseos De Taxqueña, Coyoacán, Distrito Federal",4
1,1,"2,390,000",3,90 m²,"Calle E 1, Alianza Popular Revolucionaria Fovissste, Coyoacán, Distrito Federal",
2,1,"11,800",2,96 m²,"Pacifico 277, El Rosedal, Coyoacán, Distrito Federal",1
1,1,"2,100,000",2,72 m²,"Periferico Sur 3915 , Pedregal De Carrasco, Coyoacán 000, Pedregal De Carrasco, Coyoacán, Distrito Federal",
2,2,"3,790,000",2,90 m²,"Av. División Del Norte 3527, Pueblo de San Pablo Tepetlapa, Coyoacán, Distrito Federal",5
2,2,"24,000",3,125 m²,"Periferico 5146, Pedregal De Carrasco, Coyoacán, Distrito Federal",1
1,1,"2,750,000",2,75 m²,"Avenida Universidad 1900, Copilco Universidad, Coyoacán, Distrito Federal",
1,1,"9,500",2,69 m²,"Rancho Miradores 32, Colonia Ex-Ejido de Santa Úrsula Coapa, Coyoacán, Distrito Federal",1
3,2,"38,000",3,210 m²,"Malintzin 47, Del Carmen, Coyoacán, Distrito Federal",2
1,1,"3,300,000",3,82 m²,"Avenida Universidad 1953, Copilco Universidad, Coyoacán, Distrito Federal",1
2,2,"2,760,000",3,102 m²,"Cantera 7, Pueblo de los Reyes, Coyoacán, Distrito Federal",4
2,2,"19,800",3,115 m²,"Av. Universidad 1943, Barrio Oxtopulco Universidad, Coyoacán, Distrito Federal",7
1,2,"13,500",2,90 m²,"Ciudad Universitaria 2, Jardines Del Pedregal De San Ángel, Coyoacán, Distrito Federal",2
3,3,"1,350,000",4,281 m²,"Paseos Del Rio  144, Paseos De Taxqueña, Coyoacán, Distrito Federal",
1,2,"10,950",2,68 m²,"Torres De Chimalistac 42, Copilco Universidad, Coyoacán, Distrito Federal",
1,No,"11,000",1,80 m²,"Higuera 22, Coyoacán Centro, Coyoacán, Distrito Federal",Oriente
3,2,"17,500",5,125 m²,"Insurgentes Cuicuilco, Coyoacán, Distrito Federal",26 años
2,1,"2,400,000",3,70 m²,"Barrio San Francisco Culhuacán Barrio de San Juan, Coyoacán, Distrito Federal",11 años
1,1,"2,410,000",3,78 m²,"Cerro Del Agua  179, Integración Latinoamericana, Coyoacán, Distrito Federal",3
1,1,"3,350,000",2,105 m²,"Cerro Del Agua 179 1403, Copilco Universidad, Coyoacán, Distrito Federal",4
1,1,"2,907,000",2,50 m²,"Miguel Ángel De Quevedo, Atlántida, Coyoacán, Distrito Federal",
2,1,"4,700,000",3,115 m²,"Miguel Ángel De Quevedo 962, Parque San Andrés, Coyoacán, Distrito Federal",Frente
1,Sí,"11,500",3,87 m²,"Avenida Universidad  1900, Oxtopulco Universidad, Coyoacán, Distrito Federal",4
3,2,"19,500",3,108 m²,"Pacifico 155, Pueblo de los Reyes, Coyoacán, Distrito Federal",2
2,1,"2,999,000",2,92 m²,"Teponaxtli, Adolfo Ruiz Cortines, Coyoacán, Distrito Federal",
3,1,"2,900,000",2,80 m²,"Eje 10 Sur 314, Pedregal De Santo Domingo, Coyoacán, Distrito Federal",2
2,2,"22,000",4,113 m²,"Calz Tlalpan, Santa Ursula Coapa, Coyoacán, Distrito Federal",5 años
2,1,"6,500",2,57 m²,"Victorio, Pedregal de Santa Ursula, Coyoacán, Distrito Federal",
